black bland,note,timestamp
1MORE,,
AKER,,
Anello,,
ANEX,,
Anker,,
Aputure,,
Art Clay,,
Astell&Kern,,
ASUS,,
Atlus,,
Audio-Technica,,
Beats,,
Beverly,,
Bluedio,,
BNISE,,
Boeing,,
Butterfly,,
CANARY,,
Cat Eye,,
CatEye,,
CHORD,,
Chroma,,
Citizen,,
colorata,,
Columbia,,
Copic,,
CUBE,,
Disney,,
DogRook,,
Donner,,
Electro-Harmonix,,
Ergotron,,
eYotto,,
EZON,,
FEATHER,,
FIFINE,,
Fluke,,
former LaQ USA,,
Fotopro,,
GLOBAL,,
Guzzini,,
Hammond,,
HARAC,,
Hasegawa Cutlery,,
havit,,
Helinox,,
hengyan,,
Holbein,,
Homestar,,
HUAWEI,,
JBL,,
Jico,,
KAKURI,,
Kao,,
Karorata,,
katia,,
katia beni,,
Kenko,,
KING,,
Kitpas,,
kokubo,,
Konus,,
Kuretake,,
Legacy,,
LEGO,,
LEIFHEIT,,
LG,,
Logitech,,
LYNN RAMOS,,
MANIC PANIC,,
MANICPANIC,,
Marmo printing,,
Marvel,,
MASAMOTO,,
MASTOP,,
Maxon,,
MEGALITH,,
Mercedes,,
Minosharp,,
misono,,
MONTBLANC,,
MTG,,
Mugig,,
Muji,,
Mxson,,
Naniwa,,
NexiGo,,
NIKKO,,
Nissan,,
NIXON,,
Noppoo,,
OLEVS,,
OLFA,,
Olympus,,
OneTigris,,
Orange,,
Otamatone,,
Patriot Memory,,
Pearl,,
Philips,,
Plemo,,
POSCA,,
Purebble,,
Q&Q,,
Razer,,
Redragon,,
Refa,,
Sanrio,,
Schlagwerk,,
Schleich,,
SENNHEISER,,
Shapton,,
SHURE,,
SIDARDOE,,
SILKY,,
SOL REPUBLIC,,
SteelSeries,,
Sun Joe,,
Sunstar,,
Sun-Star,,
Sun-Star Stationery,,
SUPACAZ,,
SUREFIRE,,
suzuki,,
SUZUKI MUSIC,,
SwissGear,,
TASCAM,,
Tojiro,,
Tombow,,
TOP,,
TOP工業,,
Toshiba,,
Vess,,
VICTORINOX,,
vittoria,,
wave,,
Wenger,,
Western Digital,,
XVive,,
キットパス,,
長谷川刃物,,
日本理化学,,
Adidas,,
Ledlenser,メーカー直売,2025/6/24
10mois(ディモワ),NoB  幼児商品,2025/6/26
Academy,NoB US プラモ,2025/6/26
BrandName,NoB Brand不明,2025/6/29
Brieto,NoB 包丁 AmazonoJP出品,2025/6/29
Bruno Marc,NoB Bixemau専売,2025/6/29
CARMATE,NoB 車アクセ,2025/6/29
WORKPRO,メーカー直売,2025/7/6
BERNY,メーカー直販,2025-07-06
