Datetime (JST),Seller ID,Brand,Price Range,Pages,Platform,Mode,Output Path
2025/05/26 13:51:53,ALUPG6M2897Y,,60-800,2,simple,us,C:/Amazon_analysis_project/data
2025/05/26 14:00:38,ALUPG6M2897Y,,60-800,2,simple,us,C:/Amazon_analysis_project/data
2025/05/27 12:35:17,ALUPG6M2897Y,Nintendo,70-800,2,simple,us,C:/Dropbox/Amazon_analysis_project/data
2025/05/27 12:37:15,ALUPG6M2897Y,Nintendo,70-800,2,simple,us,C:/Dropbox/Amazon_analysis_project/data
2025/05/27 12:37:48,ALUPG6M2897Y,Nintendo,70-800,2,simple,us,C:/Dropbox/Amazon_analysis_project/data
2025/05/27 12:38:24,ALUPG6M2897Y,Nintendo,70-800,2,simple,us,C:/Dropbox/Amazon_analysis_project/data
2025/05/27 12:39:13,ALUPG6M2897Y,Nintendo,70-800,2,simple,us,C:/Dropbox/Amazon_analysis_project/data
2025/05/27 12:39:49,ALUPG6M2897Y,Nintendo,70-800,2,simple,us,C:/Dropbox/Amazon_analysis_project/data
2025/05/27 12:40:32,ALUPG6M2897Y,Nintendo,70-800,2,simple,us,C:/Dropbox/Amazon_analysis_project/data
2025/05/27 14:10:25,ALUPG6M2897Y,Nintendo,70-800,2,simple,us,C:/Dropbox/Amazon_analysis_project/data
2025/05/27 14:22:34,ALUPG6M2897Y,Nintendo,70-800,2,simple,us,C:/Dropbox/Amazon_analysis_project/data
2025/05/27 14:26:27,ALUPG6M2897Y,Nintendo,70-800,2,simple,us,C:/Dropbox/Amazon_analysis_project/data
2025/05/27 15:15:35,ALUPG6M2897Y,Nintendo,70-800,2,simple,us,C:/Dropbox/Amazon_analysis_project/data
2025/05/27 16:58:33,ALUPG6M2897Y,Nintendo,70-800,2,simple,us,C:/Dropbox/Amazon_analysis_project/data
2025/05/27 16:59:14,ALUPG6M2897Y,Nintendo,70-800,2,simple,us,C:/Dropbox/Amazon_analysis_project/data
2025/05/27 17:00:45,ALUPG6M2897Y,Nintendo,70-800,2,simple,us,C:/Dropbox/Amazon_analysis_project/data
2025/05/27 17:33:50,ALUPG6M2897Y,Nintendo,70-800,2,brand_platform,us,C:/Dropbox/Amazon_analysis_project/data
2025/05/27 17:34:03,ALUPG6M2897Y,Nintendo,70-800,2,brand_platform,us,C:/Dropbox/Amazon_analysis_project/data
2025/05/27 17:41:59,ALUPG6M2897Y,Nintendo,70-800,2,detailed,us,C:/Dropbox/Amazon_analysis_project/data
2025/05/28 10:42:23,ALUPG6M2897Y,Nintendo,70-800,2,simple,us,C:/Dropbox/Amazon_analysis_project/data
2025/05/28 11:40:03,ALUPG6M2897Y,Nintendo,70-800,2,simple,us,C:/Dropbox/Amazon_analysis_project/data
2025/05/28 11:41:53,ALUPG6M2897Y,Nintendo,70-800,2,simple,us,C:/Dropbox/Amazon_analysis_project/data
2025/05/28 12:16:33,ALUPG6M2897Y,Nintendo,70-800,2,simple,us,C:/Dropbox/Amazon_analysis_project/data
2025/05/28 12:17:14,ALUPG6M2897Y,Nintendo,70-800,2,simple,us,C:/Dropbox/Amazon_analysis_project/data
2025/05/28 12:30:29,ALUPG6M2897Y,Nintendo,70-800,2,simple,us,C:/Dropbox/Amazon_analysis_project/data
2025/05/28 12:57:26,ALUPG6M2897Y,Nintendo,70-800,2,simple,us,C:/Dropbox/Amazon_analysis_project/data
2025/05/28 12:58:42,ALUPG6M2897Y,Nintendo,70-800,2,simple,us,C:/Dropbox/Amazon_analysis_project/data
2025/05/28 12:59:02,ALUPG6M2897Y,Nintendo,70-800,2,simple,us,C:/Dropbox/Amazon_analysis_project/data
2025/05/28 13:01:22,ALUPG6M2897Y,Nintendo,70-800,2,simple,us,C:/Dropbox/Amazon_analysis_project/data
2025/05/28 13:01:55,ALUPG6M2897Y,Nintendo,70-800,2,simple,us,C:/Dropbox/Amazon_analysis_project/data
2025/05/28 13:10:58,ALUPG6M2897Y,Nintendo,70-800,2,simple,us,C:/Dropbox/Amazon_analysis_project/data
2025/05/28 13:11:23,ALUPG6M2897Y,Nintendo,70-800,2,simple,us,C:/Dropbox/Amazon_analysis_project/data
2025/05/28 13:11:42,ALUPG6M2897Y,Nintendo,70-800,2,simple,us,C:/Dropbox/Amazon_analysis_project/data
2025/05/28 13:26:25,ALUPG6M2897Y,Nintendo,70-800,2,simple,us,C:/Dropbox/Amazon_analysis_project/data
2025/05/28 13:29:19,ALUPG6M2897Y,Nintendo,70-800,2,simple,us,C:/Dropbox/Amazon_analysis_project/data
2025/05/28 14:40:30,ALUPG6M2897Y,Nintendo,70-800,2,simple,us,C:/Dropbox/Amazon_analysis_project/data
2025/05/28 14:50:09,ALUPG6M2897Y,Nintendo,70-800,2,simple,us,C:/Dropbox/Amazon_analysis_project/data
2025/05/28 15:13:17,ALUPG6M2897Y,Nintendo,70-800,2,simple,us,C:/Dropbox/Amazon_analysis_project/data
2025/05/28 15:16:13,ALUPG6M2897Y,Nintendo,70-800,2,simple,us,C:/Dropbox/Amazon_analysis_project/data
2025/05/28 15:16:39,ALUPG6M2897Y,Nintendo,70-800,2,simple,us,C:/Dropbox/Amazon_analysis_project/data
2025/05/28 15:17:14,ALUPG6M2897Y,Nintendo,70-800,2,simple,us,C:/Dropbox/Amazon_analysis_project/data
2025/05/28 15:18:20,ALUPG6M2897Y,Nintendo,70-800,2,simple,us,C:/Dropbox/Amazon_analysis_project/data
2025/05/28 16:03:30,ALUPG6M2897Y,Nintendo,70-800,2,simple,us,C:/Dropbox/Amazon_analysis_project/data
2025/05/28 16:04:04,ALUPG6M2897Y,Nintendo,70-800,2,simple,us,C:/Dropbox/Amazon_analysis_project/data
2025/05/28 16:29:59,ALUPG6M2897Y,Nintendo,70-800,2,simple,us,C:/Dropbox/Amazon_analysis_project/data
2025/05/28 16:30:40,ALUPG6M2897Y,Nintendo,70-800,2,simple,us,C:/Dropbox/Amazon_analysis_project/data
2025/05/28 16:38:25,ALUPG6M2897Y,Nintendo,70-800,2,simple,us,C:/Dropbox/Amazon_analysis_project/data
2025/05/29 09:16:58,ALUPG6M2897Y,Nintendo,70-800,2,simple,us,C:/Dropbox/Amazon_analysis_project/data
2025/05/29 09:24:50,ALUPG6M2897Y,Nintendo,70-800,2,simple,us,C:/Dropbox/Amazon_analysis_project/data
2025/05/29 09:25:19,ALUPG6M2897Y,Nintendo,70-800,2,simple,us,C:/Dropbox/Amazon_analysis_project/data
2025/05/29 09:26:24,ALUPG6M2897Y,Nintendo,70-800,2,simple,us,C:/Dropbox/Amazon_analysis_project/data
2025/05/29 09:27:13,ALUPG6M2897Y,Nintendo,70-800,2,simple,us,C:/Dropbox/Amazon_analysis_project/data
2025/05/29 10:16:52,ALUPG6M2897Y,Nintendo,70-800,2,simple,us,C:/Dropbox/Amazon_analysis_project/data
2025/05/29 10:17:31,ALUPG6M2897Y,Nintendo,70-800,2,simple,us,C:/Dropbox/Amazon_analysis_project/data
2025/05/29 10:26:45,ALUPG6M2897Y,Nintendo,70-800,2,simple,us,C:/Dropbox/Amazon_analysis_project/data
2025/05/29 10:42:02,ALUPG6M2897Y,Nintendo,70-800,2,simple,us,C:/Dropbox/Amazon_analysis_project/data
2025/05/29 10:42:31,ALUPG6M2897Y,Nintendo,70-800,2,simple,us,C:/Dropbox/Amazon_analysis_project/data
2025/05/29 10:52:02,ALUPG6M2897Y,Nintendo,70-800,2,simple,us,C:/Dropbox/Amazon_analysis_project/data
2025/05/29 11:00:59,ALUPG6M2897Y,Nintendo,70-800,2,simple,us,C:/Dropbox/Amazon_analysis_project/data
2025/05/29 11:07:39,ALUPG6M2897Y,Nintendo,70-800,2,simple,us,C:/Dropbox/Amazon_analysis_project/data
2025/05/29 11:17:53,ALUPG6M2897Y,Nintendo,70-800,2,simple,us,C:/Dropbox/Amazon_analysis_project/data
2025/05/29 11:20:57,ALUPG6M2897Y,Nintendo,70-800,2,simple,us,C:/Dropbox/Amazon_analysis_project/data
2025/05/29 11:21:24,ALUPG6M2897Y,Nintendo,70-800,2,simple,us,C:/Dropbox/Amazon_analysis_project/data
2025/05/29 11:26:13,ALUPG6M2897Y,Nintendo,70-800,2,simple,us,C:/Dropbox/Amazon_analysis_project/data
2025/05/29 11:27:09,ALUPG6M2897Y,Nintendo,70-800,2,simple,us,C:/Dropbox/Amazon_analysis_project/data
2025/05/29 11:30:26,ALUPG6M2897Y,Nintendo,70-800,2,simple,us,C:/Dropbox/Amazon_analysis_project/data
2025/05/29 11:31:53,ALUPG6M2897Y,Nintendo,70-800,2,simple,us,C:/Dropbox/Amazon_analysis_project/data
2025/05/29 11:32:37,ALUPG6M2897Y,Nintendo,70-800,2,simple,us,C:/Dropbox/Amazon_analysis_project/data
2025/05/29 11:37:20,ALUPG6M2897Y,Nintendo,70-800,2,simple,us,C:/Dropbox/Amazon_analysis_project/data
2025/05/29 11:42:55,ALUPG6M2897Y,Nintendo,70-800,2,simple,us,C:/Dropbox/Amazon_analysis_project/data
2025/05/29 11:45:59,ALUPG6M2897Y,Nintendo,70-800,2,simple,us,C:/Dropbox/Amazon_analysis_project/data
2025/05/29 11:49:49,ALUPG6M2897Y,Nintendo,70-800,2,simple,us,C:/Dropbox/Amazon_analysis_project/data
2025/05/29 11:55:43,ALUPG6M2897Y,Nintendo,70-800,2,simple,us,C:/Dropbox/Amazon_analysis_project/data
2025/05/29 11:56:30,ALUPG6M2897Y,Nintendo,70-800,2,simple,us,C:/Dropbox/Amazon_analysis_project/data
2025/05/29 11:58:47,ALUPG6M2897Y,Nintendo,70-800,2,simple,us,C:/Dropbox/Amazon_analysis_project/data
2025/05/29 12:10:31,ALUPG6M2897Y,Nintendo,70-800,2,simple,us,C:/Dropbox/Amazon_analysis_project/data
2025/05/29 12:11:05,ALUPG6M2897Y,Nintendo,70-800,2,simple,us,C:/Dropbox/Amazon_analysis_project/data
2025/05/29 12:11:41,ALUPG6M2897Y,Nintendo,70-800,2,simple,us,C:/Dropbox/Amazon_analysis_project/data
2025/05/29 12:17:34,ALUPG6M2897Y,Nintendo,70-800,2,simple,us,C:/Dropbox/Amazon_analysis_project/data
2025/05/29 12:18:16,ALUPG6M2897Y,Nintendo,70-800,2,simple,us,C:/Dropbox/Amazon_analysis_project/data
2025/05/29 12:19:10,ALUPG6M2897Y,Nintendo,70-800,5,simple,us,C:/Dropbox/Amazon_analysis_project/data
2025/05/29 12:31:20,ALUPG6M2897Y,Nintendo,70-800,2,simple,us,C:/Dropbox/Amazon_analysis_project/data
2025/05/29 12:32:09,ALUPG6M2897Y,Nintendo,70-800,2,simple,us,C:/Dropbox/Amazon_analysis_project/data
2025/05/29 12:36:47,ALUPG6M2897Y,Nintendo,70-800,2,simple,us,C:/Dropbox/Amazon_analysis_project/data
2025/05/29 14:55:53,ALUPG6M2897Y,Nintendo,70-800,2,simple,us,D:/Dropbox/Amazon_analysis_project/data
2025/05/29 15:03:10,ALUPG6M2897Y,Nintendo,70-800,2,simple,us,D:/Dropbox/Amazon_analysis_project/data
2025/05/29 15:03:58,ALUPG6M2897Y,Nintendo,70-800,2,simple,us,D:/Dropbox/Amazon_analysis_project/data
2025/05/29 15:05:05,ALUPG6M2897Y,Nintendo,70-800,2,simple,us,D:/Dropbox/Amazon_analysis_project/data/us
2025/05/29 15:05:41,ALUPG6M2897Y,Nintendo,70-800,2,simple,us,D:/Dropbox/Amazon_analysis_project/data
2025/05/29 15:06:58,,Nintendo,70-800,2,simple,us,C:/Dropbox/Amazon_analysis_project/data
2025/05/29 15:07:05,ALUPG6M2897Y,Nintendo,70-800,2,simple,us,C:/Dropbox/Amazon_analysis_project/data
2025/05/29 15:07:14,ALUPG6M2897Y,Nintendo,70-800,2,simple,us,C:/Dropbox/Amazon_analysis_project/data
2025/05/29 15:07:28,ALUPG6M2897Y,Nintendo,70-800,2,simple,us,C:/Dropbox/Amazon_analysis_project/data
2025/05/29 15:07:38,A165P864A8QJ3J,Nintendo,70-800,2,simple,us,C:/Dropbox/Amazon_analysis_project/data
2025/05/29 15:08:20,ALUPG6M2897Y,Nintendo,70-800,2,simple,us,C:/Dropbox/Amazon_analysis_project/data
2025/05/29 15:09:23,ALUPG6M2897Y,Nintendo,70-800,2,simple,us,D:/Dropbox/Amazon_analysis_project/data
2025/05/29 15:14:35,ALUPG6M2897Y,Nintendo,70-800,2,simple,us,D:/Dropbox/Amazon_analysis_project/data
2025/05/29 15:40:38,ALUPG6M2897Y,Nintendo,70-800,2,simple,us,D:/Dropbox/Amazon_analysis_project/data
2025/05/29 15:42:30,ALUPG6M2897Y,Nintendo,70-800,3,simple,us,D:/Dropbox/Amazon_analysis_project/data
2025/05/29 15:50:15,ALUPG6M2897Y,Nintendo,70-800,3,simple,us,D:/Dropbox/Amazon_analysis_project/data
2025/05/29 15:51:04,ALUPG6M2897Y,Nintendo,70-800,3,simple,us,D:/Dropbox/Amazon_analysis_project/data
2025/05/29 15:59:32,ALUPG6M2897Y,Nintendo,70-800,2,simple,us,D:/Dropbox/Amazon_analysis_project/data
2025/05/29 16:00:24,ALUPG6M2897Y,Nintendo,70-800,2,simple,us,D:/Dropbox/Amazon_analysis_project/data
2025/05/29 16:01:30,ALUPG6M2897Y,Nintendo,70-800,2,simple,us,D:/Dropbox/Amazon_analysis_project/data
2025/05/29 16:02:38,ALUPG6M2897Y,Nintendo,70-800,2,simple,us,D:/Dropbox/Amazon_analysis_project/data
2025/05/30 11:52:30,ALUPG6M2897Y,Nintendo,70-800,5,simple,us,D:/Dropbox/Amazon_analysis_project/data
2025/05/30 18:24:45,ALUPG6M2897Y,Nintendo,70-800,5,simple,us,D:/Dropbox/Amazon_analysis_project/data
2025/05/31 09:52:34,ALUPG6M2897Y,Nintendo,70-800,5,simple,us,D:/Dropbox/Amazon_analysis_project/data
2025/05/31 09:53:17,ALUPG6M2897Y,Nintendo,70-800,5,simple,us,D:/Dropbox/Amazon_analysis_project/data
2025/05/31 10:12:19,ALUPG6M2897Y,Nintendo,70-800,3,simple,us,D:/Dropbox/Amazon_analysis_project/data
2025/06/01 07:18:03,A3HVSGCOSQIFDN,,70-800,20,simple,us,D:/Dropbox/Amazon_analysis_project/data
2025/06/01 07:20:22,A3HVSGCOSQIFDN,,70-800,1,simple,us,D:/Dropbox/Amazon_analysis_project/data
2025/06/02 08:58:18,ALUPG6M2897Y,Nintendo,70-800,2,simple,us,D:/Dropbox/Amazon_analysis_project/data
2025/06/02 10:15:40,ALUPG6M2897Y,Nintendo,70-800,2,simple,us,D:/Dropbox/Amazon_analysis_project/data
2025/06/02 10:16:50,ALUPG6M2897Y,Nintendo,70-800,2,simple,us,D:/Dropbox/Amazon_analysis_project/data
2025/06/02 14:57:12,ALUPG6M2897Y,Nintendo,70-800,2,simple,us,D:/Dropbox/Amazon_analysis_project/data
2025/06/02 14:59:37,ALUPG6M2897Y,Nintendo,70-800,2,simple,us,D:/Dropbox/Amazon_analysis_project/data
2025/06/02 15:06:58,ALUPG6M2897Y,Nintendo,70-800,2,simple,us,D:/Dropbox/Amazon_analysis_project/data
2025/06/02 15:08:28,ALUPG6M2897Y,Nintendo,70-800,2,simple,us,D:/Dropbox/Amazon_analysis_project/data
2025/06/02 15:09:09,ALUPG6M2897Y,Nintendo,70-800,2,simple,us,D:/Dropbox/Amazon_analysis_project/data
2025/06/02 15:09:42,ALUPG6M2897Y,Nintendo,70-800,2,simple,us,D:/Dropbox/Amazon_analysis_project/data
2025/06/02 15:50:18,ALUPG6M2897Y,Nintendo,70-800,2,simple,us,D:/Dropbox/Amazon_analysis_project/data
2025/06/02 15:51:03,ALUPG6M2897Y,Nintendo,70-800,2,simple,us,D:/Dropbox/Amazon_analysis_project/data
2025/06/02 16:11:17,A34W9GXSVF1UG1,Nintendo,70-800,2,simple,us,D:/Dropbox/Amazon_analysis_project/data
2025/06/02 16:12:59,A34W9GXSVF1UG1,Nintendo,70-800,2,simple,us,D:/Dropbox/Amazon_analysis_project/data
2025/06/08 14:08:07,ALUPG6M2897Y,Nintendo,70-800,2,simple,us,D:/Dropbox/Amazon_analysis_project/data
2025/06/08 14:28:11,ALUPG6M2897Y,Nintendo,70-800,2,simple,us,D:/Dropbox/Amazon_analysis_project/data
2025/06/08 14:28:38,ALUPG6M2897Y,Nintendo,70-800,2,simple,us,D:/Dropbox/Amazon_analysis_project/data
2025/06/09 09:00:35,ALUPG6M2897Y,Ninteno,70-150,2,simple,us,D:\Dropbox\Amazon_analysis_project\data
2025/06/09 09:11:20,ALUPG6M2897Y,Ninteno,70-150,2,simple,us,D:\Dropbox\Amazon_analysis_project\data
2025/06/09 09:12:53,ALUPG6M2897Y,Ninteno,70-150,2,simple,us,D:\Dropbox\Amazon_analysis_project\data
2025/06/09 09:15:51,ALUPG6M2897Y,Ninteno,70-150,2,simple,us,D:\Dropbox\Amazon_analysis_project\data
2025/06/09 10:27:55,ALUPG6M2897Y,Ninteno,70-150,2,simple,us,D:\Dropbox\Amazon_analysis_project\data
2025/06/09 13:22:43,ALUPG6M2897Y,Ninteno,70-150,2,simple,us,D:\Dropbox\Amazon_analysis_project\data
2025/06/09 13:23:14,ALUPG6M2897Y,Ninteno,70-150,2,simple,us,D:\Dropbox\Amazon_analysis_project\data
2025/06/09 13:26:44,ALUPG6M2897Y,Ninteno,70-150,2,simple,us,D:\Dropbox\Amazon_analysis_project\data
2025/06/09 13:29:01,ALUPG6M2897Y,Ninteno,70-150,2,simple,us,D:\Dropbox\Amazon_analysis_project\data
2025/06/09 14:46:41,ALUPG6M2897Y,Ninteno,70-150,2,simple,us,D:\Dropbox\Amazon_analysis_project\data
2025/06/09 16:26:56,ALUPG6M2897Y,Nintendo,10-200,2,simple,us,D:\Dropbox\Amazon_analysis_project\data
2025/06/09 16:27:27,ALUPG6M2897Y,,10-200,2,simple,us,D:\Dropbox\Amazon_analysis_project\data
2025/06/21 14:21:38,A2ZRBTY40RX9AR,,100-200,2,simple,us,D:\Dropbox\Amazon_analysis_project\data
2025/06/25 09:32:52,A3GYY9RB4UTX04,,20-100,5,simple,us,D:\Dropbox\Amazon_analysis_project\data
2025/06/25 09:33:30,A3GYY9RB4UTX04,,20-200,5,simple,us,D:\Dropbox\Amazon_analysis_project\data
