first_recorded,last_extracted,seller_id,shop_name,review_1m,review_3m,review_12m,review_lifetime,shop_url,hidden,remarks
2025/5/24 10:25,2025/5/31 10:12,ALUPG6M2897Y,3BELLS,,,,,https://www.amazon.com/sp?seller=ALUPG6M2897Y,FALSE,撤退
2025/6/8 12:47,2025/6/8 12:47,AKT97OJHJ20W,TokyoBizzareCharacters,,,,,https://www.amazon.com/sp?seller=AKT97OJHJ20W,,
2025/5/30 18:39,2025/5/30 18:39,AFGZXF3YPHO87,eight pocket,,,,,https://www.amazon.com/sp?seller=AFGZXF3YPHO87,,
2025/6/8 12:47,2025/6/8 12:47,A22M4YOYEYR9B2,Mario's World of Games,,,,,https://www.amazon.com/sp?seller=A22M4YOYEYR9B2,,
2025/6/8 12:47,2025/6/8 12:47,A1KLD2C1ZR4FYY,MIYABI.CoCoRo,,,,,https://www.amazon.com/sp?seller=A1KLD2C1ZR4FYY,,
2025/6/8 12:47,2025/6/8 12:47,A3BRBGB1RRM8PN,Ichigo Ichie Japan,,,,,https://www.amazon.com/sp?seller=A3BRBGB1RRM8PN,,
2025/6/8 12:47,2025/6/8 12:47,A2BY2SQM61WZVB,itembazaar,,,,,https://www.amazon.com/sp?seller=A2BY2SQM61WZVB,,
2025/6/8 12:47,2025/6/8 12:47,A3OP0BFTTYG6OY,Japan 88 store,,,,,https://www.amazon.com/sp?seller=A3OP0BFTTYG6OY,,
2025/6/8 12:47,2025/6/8 12:47,A2S2QNMQX2204M,【AtoZ】,,,,,https://www.amazon.com/sp?seller=A2S2QNMQX2204M,,
2025/6/8 12:47,2025/6/8 12:47,A1NLAL3X6WRYZY,Fun Fun Hobby Japan! (*ImpDuty-Free),,,,,https://www.amazon.com/sp?seller=A1NLAL3X6WRYZY,,
2025/6/8 12:47,2025-07-20 14:39:56,A3GZEOQINOCL0Y,Amazon Japan,,,,,https://www.amazon.com/sp?seller=A3GZEOQINOCL0Y,,Ama
2025/6/1 7:20,2025/6/1 7:20,A3HVSGCOSQIFDN,Sakura Cool Japan(Fast shipping),,,,,https://www.amazon.com/sp?seller=A3HVSGCOSQIFDN,,
2025/6/8 12:47,2025/6/8 12:47,A165P864A8QJ3J,WorldGiftShop,,,,,https://www.amazon.com/sp?seller=A165P864A8QJ3J,,
2025/6/8 12:47,2025/6/8 12:47,A3O3JJL0KSN0KD,Japan Mart JP,,,,,https://www.amazon.com/sp?seller=A3O3JJL0KSN0KD,,
2025/6/8 12:47,2025/6/8 12:47,A3HS1EDOC355PQ,Sakura39-Market,,,,,https://www.amazon.com/sp?seller=A3HS1EDOC355PQ,,
2025/6/8 12:47,2025/6/8 12:47,A3OUHOJTJCPR6,smile&fun Japan,,,,,https://www.amazon.com/sp?seller=A3OUHOJTJCPR6,,
2025/6/8 12:47,2025/6/8 12:47,A2O26DKY96AQD0,Jungle Store Japan,,,,,https://www.amazon.com/sp?seller=A2O26DKY96AQD0,,
2025/6/8 12:47,2025/6/8 12:47,A2HG7KNUEK3HVB,"Modellbahn Ott Hobbies, Inc.",,,,,https://www.amazon.com/sp?seller=A2HG7KNUEK3HVB,,
2025/6/8 12:47,2025/6/8 12:47,A3FBNP0A29D3LP,SprayGunner,,,,,https://www.amazon.com/sp?seller=A3FBNP0A29D3LP,,
2025/6/8 12:47,2025/6/8 12:47,A1LR4ABORVN3D7,NES Forever,,,,,https://www.amazon.com/sp?seller=A1LR4ABORVN3D7,,
2025/6/8 12:47,2025/6/8 12:47,A1V0UHS8DOEHE0,Cron.FigureJapan※Plz check Deliver date bef order※,,,,,https://www.amazon.com/sp?seller=A1V0UHS8DOEHE0,FALSE,FBMセラー 14/月
2025/6/8 12:47,2025/6/8 12:47,A3DLD9IDUEVI1D,treasure-jp,,,,,https://www.amazon.com/sp?seller=A3DLD9IDUEVI1D,,
2025/6/8 12:47,2025/6/8 12:47,A1CSKORPC5Y9SY,Japan NOW!!!,,,,,https://www.amazon.com/sp?seller=A1CSKORPC5Y9SY,,
2025/6/8 12:47,2025/6/8 12:47,A3AJLR7DMJUOQG,DLC international,,,,,https://www.amazon.com/sp?seller=A3AJLR7DMJUOQG,,
2025/6/8 12:47,2025/6/8 12:47,A2P3OHQVOWAH2S,PGIC-Robson,,,,,https://www.amazon.com/sp?seller=A2P3OHQVOWAH2S,,
2025/6/8 12:47,2025/6/8 12:47,A18U396VG025EF,Fast japan us,,,,,https://www.amazon.com/sp?seller=A18U396VG025EF,,
2025/6/8 12:47,2025/6/8 12:47,A2UQT0CBJDF9DM,NARUTO Japan,,,,,https://www.amazon.com/sp?seller=A2UQT0CBJDF9DM,,
2025/6/8 12:47,2025/6/8 12:47,A1A1ZSBB2126XX,Spark Deals,,,,,https://www.amazon.com/sp?seller=A1A1ZSBB2126XX,,
2025/6/8 12:47,2025/6/8 12:47,AOO2IOBPM14T7,Hobyland Japan,,,,,https://www.amazon.com/sp?seller=AOO2IOBPM14T7,,
2025/6/8 12:47,2025/6/8 12:47,AUTMWQ6GUNDH7,cocoro shop jp,,,,,https://www.amazon.com/sp?seller=AUTMWQ6GUNDH7,,
2025/6/8 12:47,2025/6/8 12:47,AP3VA1GJZM3EQ,Amazon Global Store UK,,,,,https://www.amazon.com/sp?seller=AP3VA1GJZM3EQ,TRUE,
2025/6/8 12:47,2025/6/8 12:47,A28V1QXS53MQKP,WAON,,,,,https://www.amazon.com/sp?seller=A28V1QXS53MQKP,,
2025/6/8 12:47,2025/6/8 12:47,A1FOADQ21I7U54,A-Store from Japan,,,,,https://www.amazon.com/sp?seller=A1FOADQ21I7U54,,
2025/6/8 12:47,2025/6/8 12:47,A3BWVKUUIEH4V1,Zipang Hobby TOKYO,,,,,https://www.amazon.com/sp?seller=A3BWVKUUIEH4V1,,
2025/6/8 12:47,2025/6/8 12:47,A20WEVHROQQX12,Rapid Warehousing,,,,,https://www.amazon.com/sp?seller=A20WEVHROQQX12,,
2025/6/8 12:47,2025/6/8 12:47,AHNUCA3AJA8CK,"RLC CO.,LTD JAPAN",,,,,https://www.amazon.com/sp?seller=AHNUCA3AJA8CK,,
2025/6/8 12:47,2025/6/8 12:47,A179ST03ZOYNP3,Japandroid Anime and Music,,,,,https://www.amazon.com/sp?seller=A179ST03ZOYNP3,,
2025/6/8 12:47,2025/6/8 12:47,A25SKYR7H6PDXY,Vantage point,,,,,https://www.amazon.com/sp?seller=A25SKYR7H6PDXY,,
2025/6/8 12:47,2025/6/8 12:47,A3KPXS4FVGCNYX,Japan Big Mall,,,,,https://www.amazon.com/sp?seller=A3KPXS4FVGCNYX,,
2025/6/8 12:47,2025/6/8 12:47,A1LM8ACHW8LBNC,HANAMARUSTORE,,,,,https://www.amazon.com/sp?seller=A1LM8ACHW8LBNC,,
2025/6/8 12:47,2025/6/8 12:47,AWXKLGXITXWKC,KUTO-TEN,,,,,https://www.amazon.com/sp?seller=AWXKLGXITXWKC,,
2025/6/8 12:47,2025/6/8 12:47,A30N1IH1M8GKIM,Hana Hana Shop,,,,,https://www.amazon.com/sp?seller=A30N1IH1M8GKIM,,
2025/6/8 12:47,2025-09-09 13:55:04,A1YNYXK55B0EFS,bowing,,,,,https://www.amazon.com/sp?seller=A1YNYXK55B0EFS,TRUE,撤退
2025/6/8 12:47,2025/6/8 12:47,A3E8QSZK121B8N,JAPAN-FAST.,,,,,https://www.amazon.com/sp?seller=A3E8QSZK121B8N,,
2025/6/8 12:47,2025/6/8 12:47,A31NVUJUDUDBCZ,SHOP SFJ,,,,,https://www.amazon.com/sp?seller=A31NVUJUDUDBCZ,,
2025/6/8 12:47,2025/6/8 12:47,A1D7JHDW9FG7S0,Mikaman Sachs Japan,,,,,https://www.amazon.com/sp?seller=A1D7JHDW9FG7S0,,
2025/6/8 12:47,2025/6/8 12:47,A1RHNBQFQHIEP1,MLCS JAPAN,,,,,https://www.amazon.com/sp?seller=A1RHNBQFQHIEP1,,
2025/6/8 12:47,2025/6/8 12:47,ABENDQPSD7T6R,Leadra,,,,,https://www.amazon.com/sp?seller=ABENDQPSD7T6R,,
2025/6/8 12:47,2025/6/8 12:47,A5EWCCV7Y5K59,MonoLab [ arrive in about 10days by FedEx or DHL ],,,,,https://www.amazon.com/sp?seller=A5EWCCV7Y5K59,,
2025/6/8 12:47,2025-09-16 07:55:15,A24VMYRTI72ZO8,TheToyVault,,,,,https://www.amazon.com/sp?seller=A24VMYRTI72ZO8,TRUE,海外セラー
2025/6/8 12:47,2025/6/8 12:47,A19IND20B4XAD8,Toy Japan USA,,,,,https://www.amazon.com/sp?seller=A19IND20B4XAD8,,
2025/6/8 12:47,2025/6/8 12:47,A2DKF1L73WUF4Q,Amazon Germany,,,,,https://www.amazon.com/sp?seller=A2DKF1L73WUF4Q,TRUE,
2025/6/8 12:47,2025/6/8 12:47,A1O7BE5MROALVS,Fabgearusa,,,,,https://www.amazon.com/sp?seller=A1O7BE5MROALVS,,
2025/6/8 12:47,2025/6/8 12:47,ATAVJ6PK1GBFC,ChoiceToysUS,,,,,https://www.amazon.com/sp?seller=ATAVJ6PK1GBFC,,
2025/6/8 12:47,2025/6/8 12:47,A3UCHOPS7WHPFF,LOKOK LLC,,,,,https://www.amazon.com/sp?seller=A3UCHOPS7WHPFF,,
2025/6/8 12:47,2025-09-06 08:04:43,A2TNUY53X1IIRM,BGFcorporation,,,,,https://www.amazon.com/sp?seller=A2TNUY53X1IIRM,,FBAセラー
2025/6/8 12:47,2025/6/8 12:47,A19R4ZK6FWZC0A,trend beautiful,,,,,https://www.amazon.com/sp?seller=A19R4ZK6FWZC0A,,
2025/6/8 12:47,2025/6/8 12:47,A1OR6S6NC4DR6N,MONO SMILEN Tokyo,,,,,https://www.amazon.com/sp?seller=A1OR6S6NC4DR6N,,
2025/6/8 12:47,2025/6/8 12:47,A8H3IJYV8Z7PL,ECbase,,,,,https://www.amazon.com/sp?seller=A8H3IJYV8Z7PL,,
2025/6/8 12:47,2025/6/8 12:47,AH4SR5PEILD53,store az,,,,,https://www.amazon.com/sp?seller=AH4SR5PEILD53,,
2025/6/8 12:47,2025/6/8 12:47,A26IR7U0HVZV3T,Relux37,,,,,https://www.amazon.com/sp?seller=A26IR7U0HVZV3T,,
2025/6/8 12:47,2025/6/8 12:47,A21C579I9MM2U0,RBS Logistics,,,,,https://www.amazon.com/sp?seller=A21C579I9MM2U0,,
2025/6/8 12:47,2025-09-06 12:38:21,AQFDJWVWBAE1T,Brian's Toys,,,,,https://www.amazon.com/sp?seller=AQFDJWVWBAE1T,TRUE,海外セラー
2025/6/8 12:47,2025/6/8 12:47,A3GYY9RB4UTX04,31STORE-JP,,,,,https://www.amazon.com/sp?seller=A3GYY9RB4UTX04,,
2025/6/8 12:47,2025/6/8 12:47,A2EQC2PD08BID2,AKToyCollectibles,,,,,https://www.amazon.com/sp?seller=A2EQC2PD08BID2,FALSE,USセラー　フィギュア系
2025/6/8 12:47,2025/6/8 12:47,A1YLD6DK9B7ZV6,Hobby Etc | Authorized ✅,,,,,https://www.amazon.com/sp?seller=A1YLD6DK9B7ZV6,,
2025/6/8 12:47,2025/6/8 12:47,A3SDG3RB4XLS5B,Close By JP,,,,,https://www.amazon.com/sp?seller=A3SDG3RB4XLS5B,,
2025/6/8 12:47,2025/6/8 12:47,A3HXMIPI4MR2R6,Zesletto JAPAN【Please read the store policy】,,,,,https://www.amazon.com/sp?seller=A3HXMIPI4MR2R6,,
2025/6/8 12:47,2025/6/8 12:47,A3QEIKMQEZKJZD,Best toys&games,,,,,https://www.amazon.com/sp?seller=A3QEIKMQEZKJZD,,
2025/6/8 12:47,2025/6/8 12:47,A3F3S375H9P0MV,AltaRail,,,,,https://www.amazon.com/sp?seller=A3F3S375H9P0MV,,
2025/6/8 12:47,2025/6/8 12:47,A2LTNW841ECE33,World naruto Japan shop,,,,,https://www.amazon.com/sp?seller=A2LTNW841ECE33,,
2025/6/8 12:47,2025/6/8 12:47,A21QINWEWAKJ9Y,games_for_sale,,,,,https://www.amazon.com/sp?seller=A21QINWEWAKJ9Y,,
2025/6/8 12:47,2025/6/8 12:47,A2QBF4XUZXBF5T,Akiba HQ,,,,,https://www.amazon.com/sp?seller=A2QBF4XUZXBF5T,,
2025/6/8 12:47,2025/6/8 12:47,A3J2ZZXXV4LDSU,Outlander Toys,,,,,https://www.amazon.com/sp?seller=A3J2ZZXXV4LDSU,,
2025/6/8 12:47,2025-09-16 07:45:15,A2AQNWFGVKEZMX,The Toymix,,,,,https://www.amazon.com/sp?seller=A2AQNWFGVKEZMX,TRUE,海外セラー
2025/6/8 12:47,2025/6/8 12:47,A3HWZQ91TWXYYV,DVDCineShop USA,,,,,https://www.amazon.com/sp?seller=A3HWZQ91TWXYYV,,
2025/6/8 12:47,2025-09-12 14:43:15,A141AYTKOFE42Y,veryloveusa,,,,,https://www.amazon.com/sp?seller=A141AYTKOFE42Y,TRUE,海外セラー
2025/6/8 12:47,2025/6/8 12:47,A35NWYH1GWYKTP,constfreeshop,,,,,https://www.amazon.com/sp?seller=A35NWYH1GWYKTP,,
2025/6/8 12:47,2025-09-06 07:54:15,A2FCK7PB2L97WM,Anime-korzy Japan,,,,,https://www.amazon.com/sp?seller=A2FCK7PB2L97WM,,FBAセラー
2025/6/8 12:47,2025/7/20 14:31,A1CZTGGU4PVH32,Anime 'N Games,,,,,https://www.amazon.com/sp?seller=A1CZTGGU4PVH32,,
2025/6/8 12:47,2025/6/8 12:47,A1V7DF8B30ARTP,Japan E-trade Online,,,,,https://www.amazon.com/sp?seller=A1V7DF8B30ARTP,,
2025/6/8 12:47,2025/6/8 12:47,A38NGRZ8BD2Z5S,JAPAN MEW LLC /Our prices include US custom duties,,,,,https://www.amazon.com/sp?seller=A38NGRZ8BD2Z5S,,
2025/6/8 12:47,2025/6/8 12:47,AAE5186PTQEK9,Japan Culture Service,,,,,https://www.amazon.com/sp?seller=AAE5186PTQEK9,,
2025/6/8 12:47,2025/6/8 12:47,AMJ5IQ7QLYXZX,Leaf-Japan,,,,,https://www.amazon.com/sp?seller=AMJ5IQ7QLYXZX,,
2025/6/8 12:47,2025/6/8 12:47,A19OAFN12HI2H5,Japan Life Market,,,,,https://www.amazon.com/sp?seller=A19OAFN12HI2H5,,
2025/6/8 12:47,2025-09-13 13:58:05,AJF0HB30PBJAV,ToyWiz,,,,,https://www.amazon.com/sp?seller=AJF0HB30PBJAV,TRUE,海外セラー
2025/6/8 12:47,2025/6/8 12:47,A1DJ6MDACRMZ7I,Kawaii-World,,,,,https://www.amazon.com/sp?seller=A1DJ6MDACRMZ7I,,
2025/6/8 12:47,2025/6/8 12:47,A2FDSPNCWKN4A8,Sure Thing Toys,,,,,https://www.amazon.com/sp?seller=A2FDSPNCWKN4A8,,
2025/6/8 12:47,2025-09-13 11:30:46,A3LA4IZ88FFM0U,trippodoshop,,,,,https://www.amazon.com/sp?seller=A3LA4IZ88FFM0U,TRUE,海外セラー
2025/6/8 12:47,2025/6/8 12:47,ATGN7977J1Z0W,Fabulous Japan,,,,,https://www.amazon.com/sp?seller=ATGN7977J1Z0W,,
2025/6/8 12:47,2025-09-16 07:54:36,A167OTK1U2Y6M5,Tina Art Inc,,,,,https://www.amazon.com/sp?seller=A167OTK1U2Y6M5,TRUE,海外セラー
2025/6/8 12:47,2025/6/8 12:47,A2UI86II4F5YRG,Lia's Picks,,,,,https://www.amazon.com/sp?seller=A2UI86II4F5YRG,,
2025/6/8 12:47,2025/6/8 12:47,ASJYOOTY48U8O,Sakura Express,,,,,https://www.amazon.com/sp?seller=ASJYOOTY48U8O,,
2025/6/8 12:47,2025-09-12 10:02:40,A24GENDIDV9018,Yachew LTD UK,,,,,https://www.amazon.com/sp?seller=A24GENDIDV9018,TRUE,海外セラー
2025/6/8 12:47,2025/6/8 12:47,A1RFMW6C836IIL,Probo Sales,,,,,https://www.amazon.com/sp?seller=A1RFMW6C836IIL,,
2025/6/8 12:47,2025/6/8 12:47,A1WGX569TM9TND,Global Japanese,,,,,https://www.amazon.com/sp?seller=A1WGX569TM9TND,,
2025/6/8 12:47,2025/6/8 12:47,AHAGNP5J7ZUBI,Cool Japan Hobby Market [Guaranteed Authenticity],,,,,https://www.amazon.com/sp?seller=AHAGNP5J7ZUBI,FALSE,FBAセラー
2025/6/8 12:47,2025/6/8 12:47,A3VHYG59GNVJVO,CMDStore,,,,,https://www.amazon.com/sp?seller=A3VHYG59GNVJVO,,
2025/6/8 12:47,2025-09-06 12:37:33,A2QY41U80BKHK1,Big mall treasure!,,,,,https://www.amazon.com/sp?seller=A2QY41U80BKHK1,,FBAセラー
2025/6/8 12:47,2025-09-13 13:58:44,A115A3626RLFT,Toynado Alley,,,,,https://www.amazon.com/sp?seller=A115A3626RLFT,TRUE,海外セラー
2025/6/8 12:47,2025/6/8 12:47,A2FKL6AMMWLQFX,Horizon jp,,,,,https://www.amazon.com/sp?seller=A2FKL6AMMWLQFX,,
2025/6/8 12:47,2025/6/8 12:47,A36WLXORZYZOTH,Red_River_Reserves,,,,,https://www.amazon.com/sp?seller=A36WLXORZYZOTH,,
2025/6/8 12:47,2025/6/8 12:47,A3MWOFI4MJQQ3Y,MTOnline,,,,,https://www.amazon.com/sp?seller=A3MWOFI4MJQQ3Y,,
2025/6/8 12:47,2025/6/8 12:47,A33HSECU5TKETS,RustyyDeals,,,,,https://www.amazon.com/sp?seller=A33HSECU5TKETS,,
2025/6/8 12:47,2025/6/8 12:47,A3CI22UQQ1O1HV,Seizee,,,,,https://www.amazon.com/sp?seller=A3CI22UQQ1O1HV,,
2025/6/8 12:47,2025/6/8 12:47,A3FSZ6G34A90OQ,Hanopop,,,,,https://www.amazon.com/sp?seller=A3FSZ6G34A90OQ,,
2025/6/8 12:47,2025/6/8 12:47,A22K9L3HGLDKJ6,Ruppsworld,,,,,https://www.amazon.com/sp?seller=A22K9L3HGLDKJ6,,
2025/6/8 12:47,2025/6/8 12:47,A3PSCJ997AQOEC,Collectors Row Inc,,,,,https://www.amazon.com/sp?seller=A3PSCJ997AQOEC,,
2025/6/8 12:47,2025/6/8 12:47,A5F1U66H6EQ19,Man of Action Figures,,,,,https://www.amazon.com/sp?seller=A5F1U66H6EQ19,,
2025/6/8 12:47,2025/6/8 12:47,A1LGQ20P1GAQFF,langessports,,,,,https://www.amazon.com/sp?seller=A1LGQ20P1GAQFF,,
2025/6/8 12:47,2025/6/8 12:47,A20YHPWT6DRHPU,Recon Retail,,,,,https://www.amazon.com/sp?seller=A20YHPWT6DRHPU,,
2025/6/8 12:47,2025/6/8 12:47,A22TZA5QY8L4VJ,MALLERA JAPAN,,,,,https://www.amazon.com/sp?seller=A22TZA5QY8L4VJ,,
2025/6/8 12:47,2025-09-16 08:28:11,A10B093EF4YZ05,The Shumi Company,,,,,https://www.amazon.com/sp?seller=A10B093EF4YZ05,TRUE,海外セラー
2025/6/8 12:47,2025/6/8 12:47,A95IV0BM2PXRV,No1collectibles,,,,,https://www.amazon.com/sp?seller=A95IV0BM2PXRV,,
2025/6/8 12:47,2025-09-06 07:53:22,ADIFTGXB9U83J,AnimeStuffStore,,,,,https://www.amazon.com/sp?seller=ADIFTGXB9U83J,,
2025/6/8 12:47,2025/6/8 12:47,AHBJ0XPTKY39Q,Japan good product,,,,,https://www.amazon.com/sp?seller=AHBJ0XPTKY39Q,,
2025/6/8 12:47,2025/6/8 12:47,A2RAJ0UTPV7O2K,Silent Realm Entertainment,,,,,https://www.amazon.com/sp?seller=A2RAJ0UTPV7O2K,,
2025/6/8 12:47,2025/6/8 12:47,A12Q1GKVTKH6BR,KINGSTON TOYS,,,,,https://www.amazon.com/sp?seller=A12Q1GKVTKH6BR,,
2025/6/8 12:47,2025-09-16 08:28:52,A1GQDAFE4QGJK8,Sunset Retail,,,,,https://www.amazon.com/sp?seller=A1GQDAFE4QGJK8,TRUE,海外セラー
2025/6/8 12:47,2025-09-12 13:35:44,A1DX3A7J4BF3GC,Web Offers,,,,,https://www.amazon.com/sp?seller=A1DX3A7J4BF3GC,TRUE,海外セラー
2025/6/8 12:47,2025/6/8 12:47,A16FUH7JL6UO1N,elvan group llc,,,,,https://www.amazon.com/sp?seller=A16FUH7JL6UO1N,,
2025/6/8 12:47,2025/6/8 12:47,A15IBQIC022W2F,Ardent Wholesale,,,,,https://www.amazon.com/sp?seller=A15IBQIC022W2F,,
2025/6/8 12:47,2025/6/8 12:47,AY7ME5GEW4KDZ,Amity EXP.,,,,,https://www.amazon.com/sp?seller=AY7ME5GEW4KDZ,FALSE,FBAセラー
2025/6/8 12:47,2025/6/8 12:47,A10091YGVWFU7T,NKT shop,,,,,https://www.amazon.com/sp?seller=A10091YGVWFU7T,,
2025/6/8 12:47,2025/6/8 12:47,A3IAGT78674JMD,Lightning Japan,,,,,https://www.amazon.com/sp?seller=A3IAGT78674JMD,,
2025/6/8 12:47,2025/6/8 12:47,A17YZV9TVZMSW1,onlyfromjapan,,,,,https://www.amazon.com/sp?seller=A17YZV9TVZMSW1,,
2025/6/8 12:47,2025/6/8 12:47,A3H9VD7D5B96RK,Podget Ventures,,,,,https://www.amazon.com/sp?seller=A3H9VD7D5B96RK,,
2025/6/8 12:47,2025/6/8 12:47,ACFOFWLBBY75Y,Collectors Expedition,,,,,https://www.amazon.com/sp?seller=ACFOFWLBBY75Y,,
2025/6/8 12:47,2025/6/8 12:47,A24HDLJWRO2C6Q,ROOTEDLA,,,,,https://www.amazon.com/sp?seller=A24HDLJWRO2C6Q,,
2025/6/8 12:47,2025/6/8 12:47,AKMFWYPESP6LZ,Si-Fi Toys + Comics,,,,,https://www.amazon.com/sp?seller=AKMFWYPESP6LZ,,
2025/6/8 12:47,2025/6/8 12:47,A5PY0O1LQQ6KR,LB Entertainment,,,,,https://www.amazon.com/sp?seller=A5PY0O1LQQ6KR,,
2025/6/8 12:47,2025/6/8 12:47,A1FRAG12EMPNNU,Saga Concepts,,,,,https://www.amazon.com/sp?seller=A1FRAG12EMPNNU,,
2025/6/8 12:47,2025/6/8 12:47,A1V4X6TE5EPALX,Ideal+,,,,,https://www.amazon.com/sp?seller=A1V4X6TE5EPALX,,
2025/6/8 12:47,2025/6/8 12:47,A1STCTMCNMUMIM,Hakone Sengoku – No Refrigerated Delivery,,,,,https://www.amazon.com/sp?seller=A1STCTMCNMUMIM,,
2025/6/8 12:47,2025/6/8 12:47,A230RZ963NSXFH,Hobby Cadet USA (Ships from US),,,,,https://www.amazon.com/sp?seller=A230RZ963NSXFH,,
2025/6/8 12:47,2025/6/8 12:47,A3FRTECJ3OVV01,GalacticToys & Games,,,,,https://www.amazon.com/sp?seller=A3FRTECJ3OVV01,,
2025/6/8 12:47,2025/6/8 12:47,A2R45V38T0L34U,Korogaru Store Japan,,,,,https://www.amazon.com/sp?seller=A2R45V38T0L34U,,
2025/6/8 12:47,2025/6/8 12:47,A3IF19WCYQROLY,Ozone Toys,,,,,https://www.amazon.com/sp?seller=A3IF19WCYQROLY,,
2025/6/8 12:47,2025/6/8 12:47,A33BUW0UC6W05V,RAREWAVES-USA,,,,,https://www.amazon.com/sp?seller=A33BUW0UC6W05V,,
2025/6/8 12:47,2025/6/8 12:47,A46UZA3KJ8VSB,EBITAI,,,,,https://www.amazon.com/sp?seller=A46UZA3KJ8VSB,,
2025/6/8 12:47,2025/6/8 12:47,A2KJFT1BJBVYCN,GLOBAL-9,,,,,https://www.amazon.com/sp?seller=A2KJFT1BJBVYCN,,
2025/6/8 12:47,2025/6/8 12:47,A1WG0RBN3AAMK7,V.D.Trading,,,,,https://www.amazon.com/sp?seller=A1WG0RBN3AAMK7,,
2025/6/8 12:47,2025/6/8 12:47,A2A2H2O8T29RK9,cololo japan,,,,,https://www.amazon.com/sp?seller=A2A2H2O8T29RK9,,
2025/6/8 12:47,2025/6/8 12:47,ANVHS396CWQN6,Shin-ichi Store,,,,,https://www.amazon.com/sp?seller=ANVHS396CWQN6,,
2025/6/8 12:47,2025/6/8 12:47,A28SJB08NKEKUG,Jpus Trading,,,,,https://www.amazon.com/sp?seller=A28SJB08NKEKUG,,
2025/6/8 12:47,2025/6/8 12:47,A1K2CY02JLJ3BS,Pepper Inc. Japan,,,,,https://www.amazon.com/sp?seller=A1K2CY02JLJ3BS,,
2025/6/8 12:47,2025/6/8 12:47,A1E5TOCKEG9EJ5,Blazing Dealz! LLC,,,,,https://www.amazon.com/sp?seller=A1E5TOCKEG9EJ5,,
2025/6/8 12:47,2025/6/8 12:47,AO1QFCSHLTKDQ,psf_entertainment,,,,,https://www.amazon.com/sp?seller=AO1QFCSHLTKDQ,,
2025/6/8 12:47,2025/6/8 12:47,A29TIRRIM4NWXK,G-KM,,,,,https://www.amazon.com/sp?seller=A29TIRRIM4NWXK,,
2025/6/8 12:47,2025-09-12 14:42:40,A3SBDOAENTRT1F,VirVentures,,,,,https://www.amazon.com/sp?seller=A3SBDOAENTRT1F,TRUE,海外セラー
2025/6/8 12:47,2025/6/8 12:47,AAEQGWJRT8KKG,SAMURAI　JAPAN (Japanese products Internet marketing specialty store),,,,,https://www.amazon.com/sp?seller=AAEQGWJRT8KKG,,
2025/6/8 12:47,2025/6/8 12:47,A2I6GCS7UHT4IY,Lowest_Price_Highest_Quality_Fastest_Shipping,,,,,https://www.amazon.com/sp?seller=A2I6GCS7UHT4IY,,
2025/6/8 12:47,2025/6/8 12:47,AMF6BK2M83BTF,FED USA,,,,,https://www.amazon.com/sp?seller=AMF6BK2M83BTF,,
2025/6/21,2025/6/21,A2ZRBTY40RX9AR,OfficeU Jp-Shop,,,,,,TRUE,自分のショップ
,,A1TP15OSFX6WBU,3-Mar,,,,,,TRUE,
,,A3S48NKM40C9WB,Watches and Beyond,,,,,,TRUE,時計専門
,,A1YS16X5YAAFUH,Cannon Online,,,,,,TRUE,USセラー
,,A1QG1NIWOF5LK6,Capra Leather,,,,,,TRUE,USセラー
,,A2HJ8V87AAKG7U,Booster Golf,,,,,,TRUE,撤退
,,AZKTLL36FRQDN,NOVICA,,,,,,TRUE,メーカー
,,AZ64BC0QSXWX4,Tools For Wellness,,,,,,TRUE,USセラー
,,AL6AV6GIKNB1B,DERMAdoctor,,,,,,TRUE,メーカー
