ASIN,Brand,Price,URL,Title
8073083256,Hardcover,765.0,https://www.amazon.com.au/Abusir-XIX-Hetepi-Tombs-Monographs/dp/8073083256/ref=sr_1_1?dib=eyJ2IjoiMSJ9.4Pu0oZ74hgFzUV43vXrbvV7TCFe6oX9EM_HcxRLulk8B-GQYAwf7DCOgMEN9QrzqABSTCtxOFedg5LR9oJrFp5Lv1W3Ve3E60Dmtt4nloAyHv_7jyWQjO7KFL8LZYP9X8MQOWi3BNmp6SSDdeySutO84R8dXrD58fEMyuOhWaVg7pvf9lx0pATSDB5HxtzhqR9Tj1HwPXvBtdGp6-up9oSj0SGaYNePZxOKBk2oRQeU.Yi9NPiyjvFwAsu4NqN9Zv92aI038cJ8n0VxBklasGbg&dib_tag=se&m=ANBW5NGGTP7SK&marketplaceID=A39IBJ37TRP1C6&qid=1777196333&refinements=p_36%3A76500-77000&s=merchant-items&sr=1-1,"Abusir XIX: Tomb of Hetepi (AS 20), Tombs AS 33-35 and AS 50-53 (Abusir Monographs)"
8073083256,,,,
B0DSP91QWB,,768.44,https://www.amazon.com.au/Shimano-Bait-Antares-100XG-Right/dp/B0DSP91QWB/ref=sr_1_2?dib=eyJ2IjoiMSJ9.4Pu0oZ74hgFzUV43vXrbvV7TCFe6oX9EM_HcxRLulk8B-GQYAwf7DCOgMEN9QrzqABSTCtxOFedg5LR9oJrFp5Lv1W3Ve3E60Dmtt4nloAyHv_7jyWQjO7KFL8LZYP9X8MQOWi3BNmp6SSDdeySutO84R8dXrD58fEMyuOhWaVg7pvf9lx0pATSDB5HxtzhqR9Tj1HwPXvBtdGp6-up9oSj0SGaYNePZxOKBk2oRQeU.Yi9NPiyjvFwAsu4NqN9Zv92aI038cJ8n0VxBklasGbg&dib_tag=se&m=ANBW5NGGTP7SK&marketplaceID=A39IBJ37TRP1C6&qid=1777196333&refinements=p_36%3A76500-77000&s=merchant-items&sr=1-2#customerReviews,"Shimano Bait Reel, 25 Antares, 100 Sizes, Various Sizes"
B0DSP91QWB,,,,
B01FT68AZG,,767.17,https://www.amazon.com.au/Work-King-Safety-5-in01-Jacket/dp/B01FT68AZG/ref=sr_1_3?dib=eyJ2IjoiMSJ9.4Pu0oZ74hgFzUV43vXrbvV7TCFe6oX9EM_HcxRLulk8B-GQYAwf7DCOgMEN9QrzqABSTCtxOFedg5LR9oJrFp5Lv1W3Ve3E60Dmtt4nloAyHv_7jyWQjO7KFL8LZYP9X8MQOWi3BNmp6SSDdeySutO84R8dXrD58fEMyuOhWaVg7pvf9lx0pATSDB5HxtzhqR9Tj1HwPXvBtdGp6-up9oSj0SGaYNePZxOKBk2oRQeU.Yi9NPiyjvFwAsu4NqN9Zv92aI038cJ8n0VxBklasGbg&dib_tag=se&m=ANBW5NGGTP7SK&marketplaceID=A39IBJ37TRP1C6&qid=1777196333&refinements=p_36%3A76500-77000&s=merchant-items&sr=1-3,"Men's Hi Vis 5-in01 Safety Jacket, FLGR, LT, Flgr, Large Tall"
B01FT68AZG,,,,
4990521706,Paperback,767.03,https://www.amazon.com.au/Trends-Business-Frontier-Network-Content/dp/4990521706/ref=sr_1_4?dib=eyJ2IjoiMSJ9.4Pu0oZ74hgFzUV43vXrbvV7TCFe6oX9EM_HcxRLulk8B-GQYAwf7DCOgMEN9QrzqABSTCtxOFedg5LR9oJrFp5Lv1W3Ve3E60Dmtt4nloAyHv_7jyWQjO7KFL8LZYP9X8MQOWi3BNmp6SSDdeySutO84R8dXrD58fEMyuOhWaVg7pvf9lx0pATSDB5HxtzhqR9Tj1HwPXvBtdGp6-up9oSj0SGaYNePZxOKBk2oRQeU.Yi9NPiyjvFwAsu4NqN9Zv92aI038cJ8n0VxBklasGbg&dib_tag=se&m=ANBW5NGGTP7SK&marketplaceID=A39IBJ37TRP1C6&qid=1777196333&refinements=p_36%3A76500-77000&s=merchant-items&sr=1-4#customerReviews,Trends and Business Frontier of AMD White Paper <2010> Network Content Market
4990521706,,,,
B0DSPGWRL3,,766.2,https://www.amazon.com.au/Shimano-1510MH-4-Freestyle-Rod-Capture/dp/B0DSPGWRL3/ref=sr_1_5?dib=eyJ2IjoiMSJ9.4Pu0oZ74hgFzUV43vXrbvV7TCFe6oX9EM_HcxRLulk8B-GQYAwf7DCOgMEN9QrzqABSTCtxOFedg5LR9oJrFp5Lv1W3Ve3E60Dmtt4nloAyHv_7jyWQjO7KFL8LZYP9X8MQOWi3BNmp6SSDdeySutO84R8dXrD58fEMyuOhWaVg7pvf9lx0pATSDB5HxtzhqR9Tj1HwPXvBtdGp6-up9oSj0SGaYNePZxOKBk2oRQeU.Yi9NPiyjvFwAsu4NqN9Zv92aI038cJ8n0VxBklasGbg&dib_tag=se&m=ANBW5NGGTP7SK&marketplaceID=A39IBJ37TRP1C6&qid=1777196333&refinements=p_36%3A76500-77000&s=merchant-items&sr=1-5#customerReviews,"Shimano Freestyle Rod, 25 Capture, Various"
B0DSPGWRL3,,,,
487960013X,Tankobon Hardcover,766.65,https://www.amazon.com.au/%E7%B5%8C%E7%B5%A1-%E8%87%93%E5%99%A8%E6%A9%9F%E8%83%BD%E6%B8%AC%E5%AE%9A%E3%81%AB%E3%81%A4%E3%81%84%E3%81%A6/dp/487960013X/ref=sr_1_6?dib=eyJ2IjoiMSJ9.4Pu0oZ74hgFzUV43vXrbvV7TCFe6oX9EM_HcxRLulk8B-GQYAwf7DCOgMEN9QrzqABSTCtxOFedg5LR9oJrFp5Lv1W3Ve3E60Dmtt4nloAyHv_7jyWQjO7KFL8LZYP9X8MQOWi3BNmp6SSDdeySutO84R8dXrD58fEMyuOhWaVg7pvf9lx0pATSDB5HxtzhqR9Tj1HwPXvBtdGp6-up9oSj0SGaYNePZxOKBk2oRQeU.Yi9NPiyjvFwAsu4NqN9Zv92aI038cJ8n0VxBklasGbg&dib_tag=se&m=ANBW5NGGTP7SK&marketplaceID=A39IBJ37TRP1C6&qid=1777196333&refinements=p_36%3A76500-77000&s=merchant-items&sr=1-6,経絡-臓器機能測定について
487960013X,,,,
4870888181,Hardcover,769.62,https://www.amazon.com.au/%E6%97%A5%E6%9C%AC%E4%BA%BA%E3%81%AE%E8%8B%B1%E8%AA%9E_%E6%97%A5%E6%9C%AC%E8%AA%9E%E9%9F%B3%E5%A3%B0%E3%81%AE%E7%A0%94%E7%A9%B6%E3%80%882%E3%80%89/dp/4870888181/ref=sr_1_7?dib=eyJ2IjoiMSJ9.4Pu0oZ74hgFzUV43vXrbvV7TCFe6oX9EM_HcxRLulk8B-GQYAwf7DCOgMEN9QrzqABSTCtxOFedg5LR9oJrFp5Lv1W3Ve3E60Dmtt4nloAyHv_7jyWQjO7KFL8LZYP9X8MQOWi3BNmp6SSDdeySutO84R8dXrD58fEMyuOhWaVg7pvf9lx0pATSDB5HxtzhqR9Tj1HwPXvBtdGp6-up9oSj0SGaYNePZxOKBk2oRQeU.Yi9NPiyjvFwAsu4NqN9Zv92aI038cJ8n0VxBklasGbg&dib_tag=se&m=ANBW5NGGTP7SK&marketplaceID=A39IBJ37TRP1C6&qid=1777196333&refinements=p_36%3A76500-77000&s=merchant-items&sr=1-7,日本人の英語―日本語音声の研究〈2〉
4870888181,,,,
B0CM2S5N7J,,766.69,https://www.amazon.com.au/Daiwa-100XHL-Bath-24STEEZ-Model/dp/B0CM2S5N7J/ref=sr_1_8?dib=eyJ2IjoiMSJ9.4Pu0oZ74hgFzUV43vXrbvV7TCFe6oX9EM_HcxRLulk8B-GQYAwf7DCOgMEN9QrzqABSTCtxOFedg5LR9oJrFp5Lv1W3Ve3E60Dmtt4nloAyHv_7jyWQjO7KFL8LZYP9X8MQOWi3BNmp6SSDdeySutO84R8dXrD58fEMyuOhWaVg7pvf9lx0pATSDB5HxtzhqR9Tj1HwPXvBtdGp6-up9oSj0SGaYNePZxOKBk2oRQeU.Yi9NPiyjvFwAsu4NqN9Zv92aI038cJ8n0VxBklasGbg&dib_tag=se&m=ANBW5NGGTP7SK&marketplaceID=A39IBJ37TRP1C6&qid=1777196333&refinements=p_36%3A76500-77000&s=merchant-items&sr=1-8#customerReviews,"DAIWA 24STEEZ Bath Bait Reel SV TW 100/100H/100XH Right/Left Handle, Various (2024 Model)"
B0CM2S5N7J,,,,
4842020342,Tankobon Hardcover,765.51,https://www.amazon.com.au/%E6%84%8F%E6%80%9D%E7%84%A1%E8%83%BD%E5%8A%9B%E6%B3%95%E7%90%86%E3%81%AE%E5%86%8D%E6%A4%9C%E8%A8%8E/dp/4842020342/ref=sr_1_9?dib=eyJ2IjoiMSJ9.4Pu0oZ74hgFzUV43vXrbvV7TCFe6oX9EM_HcxRLulk8B-GQYAwf7DCOgMEN9QrzqABSTCtxOFedg5LR9oJrFp5Lv1W3Ve3E60Dmtt4nloAyHv_7jyWQjO7KFL8LZYP9X8MQOWi3BNmp6SSDdeySutO84R8dXrD58fEMyuOhWaVg7pvf9lx0pATSDB5HxtzhqR9Tj1HwPXvBtdGp6-up9oSj0SGaYNePZxOKBk2oRQeU.Yi9NPiyjvFwAsu4NqN9Zv92aI038cJ8n0VxBklasGbg&dib_tag=se&m=ANBW5NGGTP7SK&marketplaceID=A39IBJ37TRP1C6&qid=1777196333&refinements=p_36%3A76500-77000&s=merchant-items&sr=1-9,意思無能力法理の再検討
4842020342,,,,
483061532X,JP Oversized,768.99,https://www.amazon.com.au/Nerve-Symptomatology-1/dp/483061532X/ref=sr_1_10?dib=eyJ2IjoiMSJ9.4Pu0oZ74hgFzUV43vXrbvV7TCFe6oX9EM_HcxRLulk8B-GQYAwf7DCOgMEN9QrzqABSTCtxOFedg5LR9oJrFp5Lv1W3Ve3E60Dmtt4nloAyHv_7jyWQjO7KFL8LZYP9X8MQOWi3BNmp6SSDdeySutO84R8dXrD58fEMyuOhWaVg7pvf9lx0pATSDB5HxtzhqR9Tj1HwPXvBtdGp6-up9oSj0SGaYNePZxOKBk2oRQeU.Yi9NPiyjvFwAsu4NqN9Zv92aI038cJ8n0VxBklasGbg&dib_tag=se&m=ANBW5NGGTP7SK&marketplaceID=A39IBJ37TRP1C6&qid=1777196333&refinements=p_36%3A76500-77000&s=merchant-items&sr=1-10#customerReviews,Nerve Symptomatology <1>
483061532X,,,,
B09H75KNYC,,766.66,https://www.amazon.com.au/SHIMANO-JG-BIE-PL-SH-Dura-Ace-110BCD-Cranksets/dp/B09H75KNYC/ref=sr_1_11?dib=eyJ2IjoiMSJ9.4Pu0oZ74hgFzUV43vXrbvV7TCFe6oX9EM_HcxRLulk8B-GQYAwf7DCOgMEN9QrzqABSTCtxOFedg5LR9oJrFp5Lv1W3Ve3E60Dmtt4nloAyHv_7jyWQjO7KFL8LZYP9X8MQOWi3BNmp6SSDdeySutO84R8dXrD58fEMyuOhWaVg7pvf9lx0pATSDB5HxtzhqR9Tj1HwPXvBtdGp6-up9oSj0SGaYNePZxOKBk2oRQeU.Yi9NPiyjvFwAsu4NqN9Zv92aI038cJ8n0VxBklasGbg&dib_tag=se&m=ANBW5NGGTP7SK&marketplaceID=A39IBJ37TRP1C6&qid=1777196333&refinements=p_36%3A76500-77000&s=merchant-items&sr=1-11,"SHIMANO JG.BIE/PL.SH.Dura-Ace 110BCD 165 50x34 2x12V Car Cranksets, Sport, Black (Black), One Size"
B09H75KNYC,,,,
4820526359,Tankobon Hardcover,767.13,https://www.amazon.com.au/%E5%A4%AA%E5%B9%B3%E6%B4%8B%E6%88%A6%E4%BA%89%E3%82%92%E3%82%81%E3%81%90%E3%82%8B%E6%97%A5%E7%B1%B3%E5%A4%96%E4%BA%A4%E3%81%A8%E6%88%A6%E5%BE%8C%E3%81%AE%E7%B1%B3%E3%82%BD%E5%AF%BE%E7%AB%8B-%E5%AD%A6%E8%A1%93%E5%8F%A2%E6%9B%B8/dp/4820526359/ref=sr_1_12?dib=eyJ2IjoiMSJ9.4Pu0oZ74hgFzUV43vXrbvV7TCFe6oX9EM_HcxRLulk8B-GQYAwf7DCOgMEN9QrzqABSTCtxOFedg5LR9oJrFp5Lv1W3Ve3E60Dmtt4nloAyHv_7jyWQjO7KFL8LZYP9X8MQOWi3BNmp6SSDdeySutO84R8dXrD58fEMyuOhWaVg7pvf9lx0pATSDB5HxtzhqR9Tj1HwPXvBtdGp6-up9oSj0SGaYNePZxOKBk2oRQeU.Yi9NPiyjvFwAsu4NqN9Zv92aI038cJ8n0VxBklasGbg&dib_tag=se&m=ANBW5NGGTP7SK&marketplaceID=A39IBJ37TRP1C6&qid=1777196333&refinements=p_36%3A76500-77000&s=merchant-items&sr=1-12,太平洋戦争をめぐる日米外交と戦後の米ソ対立 (学術叢書)
4820526359,,,,
4810606953,JP Oversized,769.08,https://www.amazon.com.au/%E4%BB%AE%E8%A8%AD%E6%A7%8B%E9%80%A0%E7%89%A9%E3%81%AE%E8%A8%88%E7%94%BB%E3%81%A8%E6%96%BD%E5%B7%A5%E3%80%882010%E5%B9%B4%E6%94%B9%E8%A8%82%E7%89%88%E3%80%89/dp/4810606953/ref=sr_1_13?dib=eyJ2IjoiMSJ9.4Pu0oZ74hgFzUV43vXrbvV7TCFe6oX9EM_HcxRLulk8B-GQYAwf7DCOgMEN9QrzqABSTCtxOFedg5LR9oJrFp5Lv1W3Ve3E60Dmtt4nloAyHv_7jyWQjO7KFL8LZYP9X8MQOWi3BNmp6SSDdeySutO84R8dXrD58fEMyuOhWaVg7pvf9lx0pATSDB5HxtzhqR9Tj1HwPXvBtdGp6-up9oSj0SGaYNePZxOKBk2oRQeU.Yi9NPiyjvFwAsu4NqN9Zv92aI038cJ8n0VxBklasGbg&dib_tag=se&m=ANBW5NGGTP7SK&marketplaceID=A39IBJ37TRP1C6&qid=1777196333&refinements=p_36%3A76500-77000&s=merchant-items&sr=1-13#customerReviews,仮設構造物の計画と施工〈2010年改訂版〉
4810606953,,,,
B08VDN8GF1,,767.99,https://www.amazon.com.au/Daiwa-21-Saltiga-IC-100/dp/B08VDN8GF1/ref=sr_1_14?dib=eyJ2IjoiMSJ9.4Pu0oZ74hgFzUV43vXrbvV7TCFe6oX9EM_HcxRLulk8B-GQYAwf7DCOgMEN9QrzqABSTCtxOFedg5LR9oJrFp5Lv1W3Ve3E60Dmtt4nloAyHv_7jyWQjO7KFL8LZYP9X8MQOWi3BNmp6SSDdeySutO84R8dXrD58fEMyuOhWaVg7pvf9lx0pATSDB5HxtzhqR9Tj1HwPXvBtdGp6-up9oSj0SGaYNePZxOKBk2oRQeU.Yi9NPiyjvFwAsu4NqN9Zv92aI038cJ8n0VxBklasGbg&dib_tag=se&m=ANBW5NGGTP7SK&marketplaceID=A39IBJ37TRP1C6&qid=1777196333&refinements=p_36%3A76500-77000&s=merchant-items&sr=1-14#customerReviews,"DAIWA SALTIGA IC 100-300 Offshore Bait Reel with Counter, Single Handle/Double Handle, Various (2021-2023 Models)"
B08VDN8GF1,,,,
4641017573,Tankobon Hardcover,769.05,https://www.amazon.com.au/%E6%96%B0%E6%B3%A8%E9%87%88%E6%B0%91%E6%B3%95%EF%BC%887%EF%BC%89-%E7%89%A9%E6%A8%A9%EF%BC%884%EF%BC%89-373%E6%9D%A1%EF%BD%9E398%E6%9D%A1%E3%81%AE22-%E6%9C%89%E6%96%90%E9%96%A3%E3%82%B3%E3%83%B3%E3%83%A1%E3%83%B3%E3%82%BF%E3%83%BC%E3%83%AB/dp/4641017573/ref=sr_1_15?dib=eyJ2IjoiMSJ9.4Pu0oZ74hgFzUV43vXrbvV7TCFe6oX9EM_HcxRLulk8B-GQYAwf7DCOgMEN9QrzqABSTCtxOFedg5LR9oJrFp5Lv1W3Ve3E60Dmtt4nloAyHv_7jyWQjO7KFL8LZYP9X8MQOWi3BNmp6SSDdeySutO84R8dXrD58fEMyuOhWaVg7pvf9lx0pATSDB5HxtzhqR9Tj1HwPXvBtdGp6-up9oSj0SGaYNePZxOKBk2oRQeU.Yi9NPiyjvFwAsu4NqN9Zv92aI038cJ8n0VxBklasGbg&dib_tag=se&m=ANBW5NGGTP7SK&marketplaceID=A39IBJ37TRP1C6&qid=1777196333&refinements=p_36%3A76500-77000&s=merchant-items&sr=1-15#customerReviews,新注釈民法（7） -- 物権（4）　373条～398条の22 (有斐閣コンメンタール)
4641017573,,,,
4475001331,Tankobon Hardcover,769.67,https://www.amazon.com.au/%E6%97%A5%E6%9C%AC%E8%AA%9E%E3%83%93%E3%83%AB%E3%83%9E%E8%AA%9E%E8%BE%9E%E5%85%B8/dp/4475001331/ref=sr_1_16?dib=eyJ2IjoiMSJ9.4Pu0oZ74hgFzUV43vXrbvV7TCFe6oX9EM_HcxRLulk8B-GQYAwf7DCOgMEN9QrzqABSTCtxOFedg5LR9oJrFp5Lv1W3Ve3E60Dmtt4nloAyHv_7jyWQjO7KFL8LZYP9X8MQOWi3BNmp6SSDdeySutO84R8dXrD58fEMyuOhWaVg7pvf9lx0pATSDB5HxtzhqR9Tj1HwPXvBtdGp6-up9oSj0SGaYNePZxOKBk2oRQeU.Yi9NPiyjvFwAsu4NqN9Zv92aI038cJ8n0VxBklasGbg&dib_tag=se&m=ANBW5NGGTP7SK&marketplaceID=A39IBJ37TRP1C6&qid=1777196333&refinements=p_36%3A76500-77000&s=merchant-items&sr=1-16#customerReviews,日本語ビルマ語辞典
4475001331,,,,
B0CBTRR8QV,,769.05,https://www.amazon.com.au/BPROG364-Baseball-Glove-Status-Second/dp/B0CBTRR8QV/ref=sr_1_17?dib=eyJ2IjoiMSJ9.U4NJODRkSy2Y-qBy9GYf3lGdgbjh6GYqn_IwkVH8Tbsp4WTuG-v-3OmljoCVIFPtHFsP1HgFBzUwEqRB_hnH-szo4VB_jHUUYasZYXcD1JJFGTrKQE9RM7jEgih82-a9.foCeqraT36A5nmWBdTsMDmHdh1YPdLMCRQx6lxpKlEg&dib_tag=se&m=ANBW5NGGTP7SK&marketplaceID=A39IBJ37TRP1C6&qid=1777196341&refinements=p_36%3A76500-77000&s=merchant-items&sr=1-17&xpid=T87Fjl6KF8CRE,ZETT BPROG364 Hard Baseball Glove Pro Status for Second Short Right Throw
B0CBTRR8QV,,,,
442521398X,Tankobon Hardcover,769.31,https://www.amazon.com.au/%E5%AE%9F%E7%94%A8%E6%B5%B7%E4%BA%8B%E5%85%AD%E6%B3%95-%E3%80%902020%E5%B9%B4%E7%89%88%E3%80%91/dp/442521398X/ref=sr_1_18?dib=eyJ2IjoiMSJ9.U4NJODRkSy2Y-qBy9GYf3lGdgbjh6GYqn_IwkVH8Tbsp4WTuG-v-3OmljoCVIFPtHFsP1HgFBzUwEqRB_hnH-szo4VB_jHUUYasZYXcD1JJFGTrKQE9RM7jEgih82-a9.foCeqraT36A5nmWBdTsMDmHdh1YPdLMCRQx6lxpKlEg&dib_tag=se&m=ANBW5NGGTP7SK&marketplaceID=A39IBJ37TRP1C6&qid=1777196341&refinements=p_36%3A76500-77000&s=merchant-items&sr=1-18&xpid=T87Fjl6KF8CRE,実用海事六法 【2020年版】
442521398X,,,,
4414305101,Tankobon Hardcover,767.13,https://www.amazon.com.au/Kaunseringu-jiten/dp/4414305101/ref=sr_1_19?dib=eyJ2IjoiMSJ9.U4NJODRkSy2Y-qBy9GYf3lGdgbjh6GYqn_IwkVH8Tbsp4WTuG-v-3OmljoCVIFPtHFsP1HgFBzUwEqRB_hnH-szo4VB_jHUUYasZYXcD1JJFGTrKQE9RM7jEgih82-a9.foCeqraT36A5nmWBdTsMDmHdh1YPdLMCRQx6lxpKlEg&dib_tag=se&m=ANBW5NGGTP7SK&marketplaceID=A39IBJ37TRP1C6&qid=1777196341&refinements=p_36%3A76500-77000&s=merchant-items&sr=1-19&xpid=T87Fjl6KF8CRE#customerReviews,Kaunseringu jiten
4414305101,,,,
B005K430VC,,769.56,https://www.amazon.com.au/watercolor-aluminum-AP-2000-partition-Palette/dp/B005K430VC/ref=sr_1_20?dib=eyJ2IjoiMSJ9.U4NJODRkSy2Y-qBy9GYf3lGdgbjh6GYqn_IwkVH8Tbsp4WTuG-v-3OmljoCVIFPtHFsP1HgFBzUwEqRB_hnH-szo4VB_jHUUYasZYXcD1JJFGTrKQE9RM7jEgih82-a9.foCeqraT36A5nmWBdTsMDmHdh1YPdLMCRQx6lxpKlEg&dib_tag=se&m=ANBW5NGGTP7SK&marketplaceID=A39IBJ37TRP1C6&qid=1777196341&refinements=p_36%3A76500-77000&s=merchant-items&sr=1-20&xpid=T87Fjl6KF8CRE,Create watercolor aluminum pallet AP-2000 (30 partition) (japan import) by Palette
B005K430VC,,,,
B00F9S4Q1C,,766.08,https://www.amazon.com.au/Blizzard-Lighting-Hotbox-RGBALED/dp/B00F9S4Q1C/ref=sr_1_21?dib=eyJ2IjoiMSJ9.U4NJODRkSy2Y-qBy9GYf3lGdgbjh6GYqn_IwkVH8Tbsp4WTuG-v-3OmljoCVIFPtHFsP1HgFBzUwEqRB_hnH-szo4VB_jHUUYasZYXcD1JJFGTrKQE9RM7jEgih82-a9.foCeqraT36A5nmWBdTsMDmHdh1YPdLMCRQx6lxpKlEg&dib_tag=se&m=ANBW5NGGTP7SK&marketplaceID=A39IBJ37TRP1C6&qid=1777196341&refinements=p_36%3A76500-77000&s=merchant-items&sr=1-21&xpid=T87Fjl6KF8CRE#customerReviews,Blizzard Lighting HotBox RGBA
B00F9S4Q1C,,,,
B0CJMFXWBB,,766.53,https://www.amazon.com.au/SHIMANO-ST-RX820-R-Shift-Brake-Lever/dp/B0CJMFXWBB/ref=sr_1_22?dib=eyJ2IjoiMSJ9.U4NJODRkSy2Y-qBy9GYf3lGdgbjh6GYqn_IwkVH8Tbsp4WTuG-v-3OmljoCVIFPtHFsP1HgFBzUwEqRB_hnH-szo4VB_jHUUYasZYXcD1JJFGTrKQE9RM7jEgih82-a9.foCeqraT36A5nmWBdTsMDmHdh1YPdLMCRQx6lxpKlEg&dib_tag=se&m=ANBW5NGGTP7SK&marketplaceID=A39IBJ37TRP1C6&qid=1777196341&refinements=p_36%3A76500-77000&s=merchant-items&sr=1-22&xpid=T87Fjl6KF8CRE,"SHIMANO GRX ST-RX820-R Shift/Brake Lever - Right, 12-Speed"
B0CJMFXWBB,,,,
B07YMQRV12,,765.83,https://www.amazon.com.au/SHIMANO-BL-M9100-Brake-Stealth-Front/dp/B07YMQRV12/ref=sr_1_23?dib=eyJ2IjoiMSJ9.U4NJODRkSy2Y-qBy9GYf3lGdgbjh6GYqn_IwkVH8Tbsp4WTuG-v-3OmljoCVIFPtHFsP1HgFBzUwEqRB_hnH-szo4VB_jHUUYasZYXcD1JJFGTrKQE9RM7jEgih82-a9.foCeqraT36A5nmWBdTsMDmHdh1YPdLMCRQx6lxpKlEg&dib_tag=se&m=ANBW5NGGTP7SK&marketplaceID=A39IBJ37TRP1C6&qid=1777196341&refinements=p_36%3A76500-77000&s=merchant-items&sr=1-23&xpid=T87Fjl6KF8CRE#customerReviews,Shimano XTR Bl-M9100 Disc Brake
B07YMQRV12,,,,
B07KMSMJ9S,,765.61,https://www.amazon.com.au/Flex-GAMME-Safe-Ultra-Grip-Footbed/dp/B07KMSMJ9S/ref=sr_1_24?dib=eyJ2IjoiMSJ9.U4NJODRkSy2Y-qBy9GYf3lGdgbjh6GYqn_IwkVH8Tbsp4WTuG-v-3OmljoCVIFPtHFsP1HgFBzUwEqRB_hnH-szo4VB_jHUUYasZYXcD1JJFGTrKQE9RM7jEgih82-a9.foCeqraT36A5nmWBdTsMDmHdh1YPdLMCRQx6lxpKlEg&dib_tag=se&m=ANBW5NGGTP7SK&marketplaceID=A39IBJ37TRP1C6&qid=1777196341&refinements=p_36%3A76500-77000&s=merchant-items&sr=1-24&xpid=T87Fjl6KF8CRE,Flex-On 06814 Gamma Safe GAMME Safe-ON Mixed Ultra-Grip Frame Color: Dark Grey Footbed Color: Grey Elastomer: Navy
B07KMSMJ9S,,,,
